code,question,options
G_fecha_encuesta, Individuo  -  Fecha,
G_folio, Individuo  -  Folio,
G_peso, Individuo  -  Peso,
G_estatura, Individuo  -  Estatura,
G_edad, Individuo  -  Edad,
G_circunferencia_cintura," Individuo  -  Circunferencia de la cintura  En caso de no conocer la circunferencia de tu cintura escribe en el espacio ""no sé""",
G_sexo, Individuo  -  Sexo,
G_psi_locus_de_control_alimento_1, Individuo  - Locus_de_control_alimento: Selecciona el grado en que te describe la afirmacion:  Suelo comer lo que hay en lugar de buscar algo más,A6 = No me describe para nada|A5 = Casi no me describe|A4 = Me describe ocasionalmente|A3 = Me describe frecuentemente|A2 = Me describe totalmente
G_psi_locus_de_control_alimento_2, Individuo  - Locus_de_control_alimento: Selecciona el grado en que te describe la afirmacion:  Como lo que es fácil de preparar,A6 = No me describe para nada|A5 = Casi no me describe|A4 = Me describe ocasionalmente|A3 = Me describe frecuentemente|A2 = Me describe totalmente
G_psi_locus_de_control_alimento_3, Individuo  - Locus_de_control_alimento: Selecciona el grado en que te describe la afirmacion:  Como lo que puedo preparar en mi casa,A6 = No me describe para nada|A5 = Casi no me describe|A4 = Me describe ocasionalmente|A3 = Me describe frecuentemente|A2 = Me describe totalmente
G_psi_locus_de_control_alimento_4, Individuo  - Locus_de_control_alimento: Selecciona el grado en que te describe la afirmacion:  Como lo que esté preparado en el refrigerador,A6 = No me describe para nada|A5 = Casi no me describe|A4 = Me describe ocasionalmente|A3 = Me describe frecuentemente|A2 = Me describe totalmente
G_psi_locus_de_control_alimento_5, Individuo  - Locus_de_control_alimento: Selecciona el grado en que te describe la afirmacion:  Como lo primero que veo en la tienda,A6 = No me describe para nada|A5 = Casi no me describe|A4 = Me describe ocasionalmente|A3 = Me describe frecuentemente|A2 = Me describe totalmente
G_psi_locus_de_control_alimento_6, Individuo  - Locus_de_control_alimento: Selecciona el grado en que te describe la afirmacion:  Como lo que hay en mi casa,A6 = No me describe para nada|A5 = Casi no me describe|A4 = Me describe ocasionalmente|A3 = Me describe frecuentemente|A2 = Me describe totalmente
G_psi_locus_de_control_alimento_7, Individuo  - Locus_de_control_alimento: Selecciona el grado en que te describe la afirmacion:  Si tengo algo cerca me lo como,A6 = No me describe para nada|A5 = Casi no me describe|A4 = Me describe ocasionalmente|A3 = Me describe frecuentemente|A2 = Me describe totalmente
G_psi_locus_de_control_alimento_8, Individuo  - Locus_de_control_alimento: Selecciona el grado en que te describe la afirmacion:  Como lo que me dé tiempo de preparar,A6 = No me describe para nada|A5 = Casi no me describe|A4 = Me describe ocasionalmente|A3 = Me describe frecuentemente|A2 = Me describe totalmente
G_psi_locus_de_control_alimento_9, Individuo  - Locus_de_control_alimento: Selecciona el grado en que te describe la afirmacion:  Como lo que está disponible en la calle,A6 = No me describe para nada|A5 = Casi no me describe|A4 = Me describe ocasionalmente|A3 = Me describe frecuentemente|A2 = Me describe totalmente
G_psi_locus_de_control_alimento_10, Individuo  - Locus_de_control_alimento: Selecciona el grado en que te describe la afirmacion:  Como lo que sobre,A6 = No me describe para nada|A5 = Casi no me describe|A4 = Me describe ocasionalmente|A3 = Me describe frecuentemente|A2 = Me describe totalmente
G_psi_locus_de_control_alimento_11, Individuo  - Locus_de_control_alimento: Selecciona el grado en que te describe la afirmacion:  Como para pasar el tiempo,A6 = No me describe para nada|A5 = Casi no me describe|A4 = Me describe ocasionalmente|A3 = Me describe frecuentemente|A2 = Me describe totalmente
G_psi_locus_de_control_alimento_12, Individuo  - Locus_de_control_alimento: Selecciona el grado en que te describe la afirmacion:  Como mientras mi plato tenga comida,A6 = No me describe para nada|A5 = Casi no me describe|A4 = Me describe ocasionalmente|A3 = Me describe frecuentemente|A2 = Me describe totalmente
G_psi_locus_de_control_alimento_13, Individuo  - Locus_de_control_alimento: Selecciona el grado en que te describe la afirmacion:  Sigo comiendo aunque esté satisfecho,A6 = No me describe para nada|A5 = Casi no me describe|A4 = Me describe ocasionalmente|A3 = Me describe frecuentemente|A2 = Me describe totalmente
G_psi_locus_de_control_alimento_14, Individuo  - Locus_de_control_alimento: Selecciona el grado en que te describe la afirmacion:  Sigo comiendo aunque no tenga hambre,A6 = No me describe para nada|A5 = Casi no me describe|A4 = Me describe ocasionalmente|A3 = Me describe frecuentemente|A2 = Me describe totalmente
G_psi_locus_de_control_alimento_15, Individuo  - Locus_de_control_alimento: Selecciona el grado en que te describe la afirmacion:  Como lo que me ofrecen,A6 = No me describe para nada|A5 = Casi no me describe|A4 = Me describe ocasionalmente|A3 = Me describe frecuentemente|A2 = Me describe totalmente
G_psi_locus_de_control_alimento_16, Individuo  - Locus_de_control_alimento: Selecciona el grado en que te describe la afirmacion:  Como lo que está cerca,A6 = No me describe para nada|A5 = Casi no me describe|A4 = Me describe ocasionalmente|A3 = Me describe frecuentemente|A2 = Me describe totalmente
G_psi_locus_de_control_alimento_17, Individuo  - Locus_de_control_alimento: Selecciona el grado en que te describe la afirmacion:  Como porque tengo que comer,A6 = No me describe para nada|A5 = Casi no me describe|A4 = Me describe ocasionalmente|A3 = Me describe frecuentemente|A2 = Me describe totalmente
G_psi_locus_de_control_alimento_18, Individuo  - Locus_de_control_alimento: Selecciona el grado en que te describe la afirmacion:  Al final nunca puedo controlar lo que como,A6 = No me describe para nada|A5 = Casi no me describe|A4 = Me describe ocasionalmente|A3 = Me describe frecuentemente|A2 = Me describe totalmente
G_psi_locus_de_control_alimento_19, Individuo  - Locus_de_control_alimento: Selecciona el grado en que te describe la afirmacion:  Tengo que comer lo que me den,A6 = No me describe para nada|A5 = Casi no me describe|A4 = Me describe ocasionalmente|A3 = Me describe frecuentemente|A2 = Me describe totalmente
G_psi_locus_de_control_alimento_20," Individuo  - Locus_de_control_alimento: Selecciona el grado en que te describe la afirmacion:  A pesar de que quiero controlar lo que como, siempre hay situaciones que lo impiden",A6 = No me describe para nada|A5 = Casi no me describe|A4 = Me describe ocasionalmente|A3 = Me describe frecuentemente|A2 = Me describe totalmente
G_psi_locus_de_control_alimento_21, Individuo  - Locus_de_control_alimento: Selecciona el grado en que te describe la afirmacion:  Como lo que como porque es lo único que hay,A6 = No me describe para nada|A5 = Casi no me describe|A4 = Me describe ocasionalmente|A3 = Me describe frecuentemente|A2 = Me describe totalmente
G_psi_locus_de_control_alimento_22, Individuo  - Locus_de_control_alimento: Selecciona el grado en que te describe la afirmacion:  Como porque es hora de comer,A6 = No me describe para nada|A5 = Casi no me describe|A4 = Me describe ocasionalmente|A3 = Me describe frecuentemente|A2 = Me describe totalmente
G_psi_locus_de_control_alimento_23, Individuo  - Locus_de_control_alimento: Selecciona el grado en que te describe la afirmacion:  Como para lo que me alcanza,A6 = No me describe para nada|A5 = Casi no me describe|A4 = Me describe ocasionalmente|A3 = Me describe frecuentemente|A2 = Me describe totalmente
G_psi_locus_de_control_alimento_24, Individuo  - Locus_de_control_alimento: Selecciona el grado en que te describe la afirmacion:  Como para evitar quedarme con el estómago vacío,A6 = No me describe para nada|A5 = Casi no me describe|A4 = Me describe ocasionalmente|A3 = Me describe frecuentemente|A2 = Me describe totalmente
G_psi_locus_de_control_alimento_25, Individuo  - Locus_de_control_alimento: Selecciona el grado en que te describe la afirmacion:  Como porque me obligan,A6 = No me describe para nada|A5 = Casi no me describe|A4 = Me describe ocasionalmente|A3 = Me describe frecuentemente|A2 = Me describe totalmente
G_psi_locus_de_control_alimento_26, Individuo  - Locus_de_control_alimento: Selecciona el grado en que te describe la afirmacion:  Como lo que las etiquetas dicen que es saludable,A6 = No me describe para nada|A5 = Casi no me describe|A4 = Me describe ocasionalmente|A3 = Me describe frecuentemente|A2 = Me describe totalmente
G_psi_locus_de_control_alimento_27, Individuo  - Locus_de_control_alimento: Selecciona el grado en que te describe la afirmacion:  Anticipo lo que voy a comer,A6 = No me describe para nada|A5 = Casi no me describe|A4 = Me describe ocasionalmente|A3 = Me describe frecuentemente|A2 = Me describe totalmente
G_psi_locus_de_control_alimento_28, Individuo  - Locus_de_control_alimento: Selecciona el grado en que te describe la afirmacion:  A pesar de lo que los demás digan puedo decidir lo que como,A6 = No me describe para nada|A5 = Casi no me describe|A4 = Me describe ocasionalmente|A3 = Me describe frecuentemente|A2 = Me describe totalmente
G_psi_locus_de_control_alimento_29, Individuo  - Locus_de_control_alimento: Selecciona el grado en que te describe la afirmacion:  Como lo que planeo,A6 = No me describe para nada|A5 = Casi no me describe|A4 = Me describe ocasionalmente|A3 = Me describe frecuentemente|A2 = Me describe totalmente
G_psi_locus_de_control_alimento_30, Individuo  - Locus_de_control_alimento: Selecciona el grado en que te describe la afirmacion:  Cuando como yo decido cuando dejar de comer,A6 = No me describe para nada|A5 = Casi no me describe|A4 = Me describe ocasionalmente|A3 = Me describe frecuentemente|A2 = Me describe totalmente
G_psi_locus_de_control_alimento_31, Individuo  - Locus_de_control_alimento: Selecciona el grado en que te describe la afirmacion:  Uno mismo controla lo que come,A6 = No me describe para nada|A5 = Casi no me describe|A4 = Me describe ocasionalmente|A3 = Me describe frecuentemente|A2 = Me describe totalmente
G_psi_locus_de_control_alimento_32, Individuo  - Locus_de_control_alimento: Selecciona el grado en que te describe la afirmacion:  Yo controlo la cantidad de comida que como,A6 = No me describe para nada|A5 = Casi no me describe|A4 = Me describe ocasionalmente|A3 = Me describe frecuentemente|A2 = Me describe totalmente
G_psi_locus_de_control_alimento_33, Individuo  - Locus_de_control_alimento: Selecciona el grado en que te describe la afirmacion:  Yo elijo lo que como,A6 = No me describe para nada|A5 = Casi no me describe|A4 = Me describe ocasionalmente|A3 = Me describe frecuentemente|A2 = Me describe totalmente
G_psi_locus_de_control_alimento_34, Individuo  - Locus_de_control_alimento: Selecciona el grado en que te describe la afirmacion:  Me tengo que comer lo que me dan,A6 = No me describe para nada|A5 = Casi no me describe|A4 = Me describe ocasionalmente|A3 = Me describe frecuentemente|A2 = Me describe totalmente
G_psi_locus_de_control_alimento_35," Individuo  - Locus_de_control_alimento: Selecciona el grado en que te describe la afirmacion:  Si no hay alimentos que se ajustan a lo que quiero, busco otros alimentos",A6 = No me describe para nada|A5 = Casi no me describe|A4 = Me describe ocasionalmente|A3 = Me describe frecuentemente|A2 = Me describe totalmente
G_psi_locus_de_control_alimento_36, Individuo  - Locus_de_control_alimento: Selecciona el grado en que te describe la afirmacion:  Yo decido lo que como sin importar lo que los demás me sugieran,A6 = No me describe para nada|A5 = Casi no me describe|A4 = Me describe ocasionalmente|A3 = Me describe frecuentemente|A2 = Me describe totalmente
G_psi_locus_de_control_alimento_37, Individuo  - Locus_de_control_alimento: Selecciona el grado en que te describe la afirmacion:  Mis nervios determinan lo que como,A6 = No me describe para nada|A5 = Casi no me describe|A4 = Me describe ocasionalmente|A3 = Me describe frecuentemente|A2 = Me describe totalmente
G_psi_locus_de_control_alimento_38, Individuo  - Locus_de_control_alimento: Selecciona el grado en que te describe la afirmacion:  Mi sentir determina lo que como,A6 = No me describe para nada|A5 = Casi no me describe|A4 = Me describe ocasionalmente|A3 = Me describe frecuentemente|A2 = Me describe totalmente
G_psi_locus_de_control_alimento_39, Individuo  - Locus_de_control_alimento: Selecciona el grado en que te describe la afirmacion:  Mis emociones determinan lo que como,A6 = No me describe para nada|A5 = Casi no me describe|A4 = Me describe ocasionalmente|A3 = Me describe frecuentemente|A2 = Me describe totalmente
G_psi_locus_de_control_alimento_40, Individuo  - Locus_de_control_alimento: Selecciona el grado en que te describe la afirmacion:  El antojo determina lo que como,A6 = No me describe para nada|A5 = Casi no me describe|A4 = Me describe ocasionalmente|A3 = Me describe frecuentemente|A2 = Me describe totalmente
G_psi_locus_de_control_alimento_41, Individuo  - Locus_de_control_alimento: Selecciona el grado en que te describe la afirmacion:  La pereza me hace comer lo primero que encuentro,A6 = No me describe para nada|A5 = Casi no me describe|A4 = Me describe ocasionalmente|A3 = Me describe frecuentemente|A2 = Me describe totalmente
G_psi_locus_de_control_alimento_42, Individuo  - Locus_de_control_alimento: Selecciona el grado en que te describe la afirmacion:  El sabor determina lo que como,A6 = No me describe para nada|A5 = Casi no me describe|A4 = Me describe ocasionalmente|A3 = Me describe frecuentemente|A2 = Me describe totalmente
G_psi_locus_de_control_alimento_43, Individuo  - Locus_de_control_alimento: Selecciona el grado en que te describe la afirmacion:  El hambre determina lo que como,A6 = No me describe para nada|A5 = Casi no me describe|A4 = Me describe ocasionalmente|A3 = Me describe frecuentemente|A2 = Me describe totalmente
G_psi_locus_de_control_alimento_44, Individuo  - Locus_de_control_alimento: Selecciona el grado en que te describe la afirmacion:  La emoción del momento determina lo que voy a comer,A6 = No me describe para nada|A5 = Casi no me describe|A4 = Me describe ocasionalmente|A3 = Me describe frecuentemente|A2 = Me describe totalmente
G_psi_locus_de_control_alimento_45, Individuo  - Locus_de_control_alimento: Selecciona el grado en que te describe la afirmacion:  La gula gobierna la manera en la que como,A6 = No me describe para nada|A5 = Casi no me describe|A4 = Me describe ocasionalmente|A3 = Me describe frecuentemente|A2 = Me describe totalmente
G_psi_locus_de_control_alimento_46, Individuo  - Locus_de_control_alimento: Selecciona el grado en que te describe la afirmacion:  El aburrimiento motiva lo que como,A6 = No me describe para nada|A5 = Casi no me describe|A4 = Me describe ocasionalmente|A3 = Me describe frecuentemente|A2 = Me describe totalmente
G_psi_locus_de_control_alimento_47, Individuo  - Locus_de_control_alimento: Selecciona el grado en que te describe la afirmacion:  Lo que como es debido a lo que siento,A6 = No me describe para nada|A5 = Casi no me describe|A4 = Me describe ocasionalmente|A3 = Me describe frecuentemente|A2 = Me describe totalmente
G_psi_locus_de_control_alimento_48, Individuo  - Locus_de_control_alimento: Selecciona el grado en que te describe la afirmacion:  Lo que como depende de lo que me preparen,A6 = No me describe para nada|A5 = Casi no me describe|A4 = Me describe ocasionalmente|A3 = Me describe frecuentemente|A2 = Me describe totalmente
G_psi_locus_de_control_alimento_49, Individuo  - Locus_de_control_alimento: Selecciona el grado en que te describe la afirmacion:  Los demás deciden lo que como,A6 = No me describe para nada|A5 = Casi no me describe|A4 = Me describe ocasionalmente|A3 = Me describe frecuentemente|A2 = Me describe totalmente
G_psi_locus_de_control_alimento_50, Individuo  - Locus_de_control_alimento: Selecciona el grado en que te describe la afirmacion:  Las reuniones sociales imponen lo que como,A6 = No me describe para nada|A5 = Casi no me describe|A4 = Me describe ocasionalmente|A3 = Me describe frecuentemente|A2 = Me describe totalmente
G_psi_locus_de_control_alimento_51, Individuo  - Locus_de_control_alimento: Selecciona el grado en que te describe la afirmacion:  Lo que como depende de lo que mis seres queridos deciden,A6 = No me describe para nada|A5 = Casi no me describe|A4 = Me describe ocasionalmente|A3 = Me describe frecuentemente|A2 = Me describe totalmente
G_psi_locus_de_control_alimento_52, Individuo  - Locus_de_control_alimento: Selecciona el grado en que te describe la afirmacion:  Evito rechazar comida cuando alguien me la ofrece,A6 = No me describe para nada|A5 = Casi no me describe|A4 = Me describe ocasionalmente|A3 = Me describe frecuentemente|A2 = Me describe totalmente
G_psi_locus_de_control_alimento_53, Individuo  - Locus_de_control_alimento: Selecciona el grado en que te describe la afirmacion:  Hoy en día como lo que comía cuando era niño,A6 = No me describe para nada|A5 = Casi no me describe|A4 = Me describe ocasionalmente|A3 = Me describe frecuentemente|A2 = Me describe totalmente
G_psi_locus_de_control_alimento_54, Individuo  - Locus_de_control_alimento: Selecciona el grado en que te describe la afirmacion:  Como lo que otros comen para convivir con ellos,A6 = No me describe para nada|A5 = Casi no me describe|A4 = Me describe ocasionalmente|A3 = Me describe frecuentemente|A2 = Me describe totalmente
G_psi_locus_de_control_alimento_55, Individuo  - Locus_de_control_alimento: Selecciona el grado en que te describe la afirmacion:  Escojo mi comida según lo que es más popular,A6 = No me describe para nada|A5 = Casi no me describe|A4 = Me describe ocasionalmente|A3 = Me describe frecuentemente|A2 = Me describe totalmente
G_psi_locus_de_control_alimento_56, Individuo  - Locus_de_control_alimento: Selecciona el grado en que te describe la afirmacion:  Como lo que la mayoría decide,A6 = No me describe para nada|A5 = Casi no me describe|A4 = Me describe ocasionalmente|A3 = Me describe frecuentemente|A2 = Me describe totalmente
G_psi_locus_de_control_alimento_57, Individuo  - Locus_de_control_alimento: Selecciona el grado en que te describe la afirmacion:  Lo que como depende de lo que mis amigos deciden,A6 = No me describe para nada|A5 = Casi no me describe|A4 = Me describe ocasionalmente|A3 = Me describe frecuentemente|A2 = Me describe totalmente
G_psi_locus_de_control_alimento_58, Individuo  - Locus_de_control_alimento: Selecciona el grado en que te describe la afirmacion:  Mi alimentación depende de lo que me enseñaron,A6 = No me describe para nada|A5 = Casi no me describe|A4 = Me describe ocasionalmente|A3 = Me describe frecuentemente|A2 = Me describe totalmente
G_psi_locus_de_control_alimento_59, Individuo  - Locus_de_control_alimento: Selecciona el grado en que te describe la afirmacion:  El precio determina lo que voy a comer,A6 = No me describe para nada|A5 = Casi no me describe|A4 = Me describe ocasionalmente|A3 = Me describe frecuentemente|A2 = Me describe totalmente
G_psi_locus_de_control_alimento_60, Individuo  - Locus_de_control_alimento: Selecciona el grado en que te describe la afirmacion:  Dios provee lo que uno va a comer,A6 = No me describe para nada|A5 = Casi no me describe|A4 = Me describe ocasionalmente|A3 = Me describe frecuentemente|A2 = Me describe totalmente
G_psi_locus_de_control_alimento_61, Individuo  - Locus_de_control_alimento: Selecciona el grado en que te describe la afirmacion:  Sólo Dios sabe lo me espera al momento de comer,A6 = No me describe para nada|A5 = Casi no me describe|A4 = Me describe ocasionalmente|A3 = Me describe frecuentemente|A2 = Me describe totalmente
G_psi_locus_de_control_alimento_62, Individuo  - Locus_de_control_alimento: Selecciona el grado en que te describe la afirmacion:  Lo que como es porque Dios así lo quiere,A6 = No me describe para nada|A5 = Casi no me describe|A4 = Me describe ocasionalmente|A3 = Me describe frecuentemente|A2 = Me describe totalmente
G_psi_locus_de_control_alimento_63, Individuo  - Locus_de_control_alimento: Selecciona el grado en que te describe la afirmacion:  Como lo que el gobierno aprueba para comer,A6 = No me describe para nada|A5 = Casi no me describe|A4 = Me describe ocasionalmente|A3 = Me describe frecuentemente|A2 = Me describe totalmente
G_psi_locus_de_control_alimento_64, Individuo  - Locus_de_control_alimento: Selecciona el grado en que te describe la afirmacion:  La economía determina lo que voy a comer,A6 = No me describe para nada|A5 = Casi no me describe|A4 = Me describe ocasionalmente|A3 = Me describe frecuentemente|A2 = Me describe totalmente
G_psi_locus_de_control_alimento_65, Individuo  - Locus_de_control_alimento: Selecciona el grado en que te describe la afirmacion:  Como lo que dicen los médicos que debo comer,A6 = No me describe para nada|A5 = Casi no me describe|A4 = Me describe ocasionalmente|A3 = Me describe frecuentemente|A2 = Me describe totalmente
G_psi_locus_de_control_alimento_66, Individuo  - Locus_de_control_alimento: Selecciona el grado en que te describe la afirmacion:  Como lo que los comerciales me sugieren,A6 = No me describe para nada|A5 = Casi no me describe|A4 = Me describe ocasionalmente|A3 = Me describe frecuentemente|A2 = Me describe totalmente
G_psi_locus_de_control_ejercicio_1, Individuo  - Locus_de_control_ejercicio: Selecciona el grado en que te describe la afirmacion:  Después de acabar mis actividades no me queda tiempo para hacer ejercicio,A6 = No me describe para nada|A5 = Casi no me describe|A4 = Me describe ocasionalmente|A3 = Me describe frecuentemente|A2 = Me describe totalmente
G_psi_locus_de_control_ejercicio_2, Individuo  - Locus_de_control_ejercicio: Selecciona el grado en que te describe la afirmacion:  Mis deberes me impiden hacer ejercicio,A6 = No me describe para nada|A5 = Casi no me describe|A4 = Me describe ocasionalmente|A3 = Me describe frecuentemente|A2 = Me describe totalmente
G_psi_locus_de_control_ejercicio_3, Individuo  - Locus_de_control_ejercicio: Selecciona el grado en que te describe la afirmacion:  Mis responsabilidades me impiden realizar ejercicio,A6 = No me describe para nada|A5 = Casi no me describe|A4 = Me describe ocasionalmente|A3 = Me describe frecuentemente|A2 = Me describe totalmente
G_psi_locus_de_control_ejercicio_4, Individuo  - Locus_de_control_ejercicio: Selecciona el grado en que te describe la afirmacion:  Los imprevistos me impiden hacer ejercicio,A6 = No me describe para nada|A5 = Casi no me describe|A4 = Me describe ocasionalmente|A3 = Me describe frecuentemente|A2 = Me describe totalmente
G_psi_locus_de_control_ejercicio_5, Individuo  - Locus_de_control_ejercicio: Selecciona el grado en que te describe la afirmacion:  La falta de dinero me impide hacer ejercicio,A6 = No me describe para nada|A5 = Casi no me describe|A4 = Me describe ocasionalmente|A3 = Me describe frecuentemente|A2 = Me describe totalmente
G_psi_locus_de_control_ejercicio_6, Individuo  - Locus_de_control_ejercicio: Selecciona el grado en que te describe la afirmacion:  La falta de lugares para hacer ejercicio me impide hacerlo,A6 = No me describe para nada|A5 = Casi no me describe|A4 = Me describe ocasionalmente|A3 = Me describe frecuentemente|A2 = Me describe totalmente
G_psi_locus_de_control_ejercicio_7, Individuo  - Locus_de_control_ejercicio: Selecciona el grado en que te describe la afirmacion:  La falta de tiempo me impide hacer ejercicio,A6 = No me describe para nada|A5 = Casi no me describe|A4 = Me describe ocasionalmente|A3 = Me describe frecuentemente|A2 = Me describe totalmente
G_psi_locus_de_control_ejercicio_8, Individuo  - Locus_de_control_ejercicio: Selecciona el grado en que te describe la afirmacion:  Estar con mi familia me impide hacer ejercicio,A6 = No me describe para nada|A5 = Casi no me describe|A4 = Me describe ocasionalmente|A3 = Me describe frecuentemente|A2 = Me describe totalmente
G_psi_locus_de_control_ejercicio_9, Individuo  - Locus_de_control_ejercicio: Selecciona el grado en que te describe la afirmacion:  Comer mal me impide hacer ejercicio,A6 = No me describe para nada|A5 = Casi no me describe|A4 = Me describe ocasionalmente|A3 = Me describe frecuentemente|A2 = Me describe totalmente
G_psi_locus_de_control_ejercicio_10, Individuo  - Locus_de_control_ejercicio: Selecciona el grado en que te describe la afirmacion:  La lluvia me impide hacer ejercicio,A6 = No me describe para nada|A5 = Casi no me describe|A4 = Me describe ocasionalmente|A3 = Me describe frecuentemente|A2 = Me describe totalmente
G_psi_locus_de_control_ejercicio_11, Individuo  - Locus_de_control_ejercicio: Selecciona el grado en que te describe la afirmacion:  El calor me impide hacer ejercicio,A6 = No me describe para nada|A5 = Casi no me describe|A4 = Me describe ocasionalmente|A3 = Me describe frecuentemente|A2 = Me describe totalmente
G_psi_locus_de_control_ejercicio_12, Individuo  - Locus_de_control_ejercicio: Selecciona el grado en que te describe la afirmacion:  Mi flojera  me impide hacer ejercicio,A6 = No me describe para nada|A5 = Casi no me describe|A4 = Me describe ocasionalmente|A3 = Me describe frecuentemente|A2 = Me describe totalmente
G_psi_locus_de_control_ejercicio_13, Individuo  - Locus_de_control_ejercicio: Selecciona el grado en que te describe la afirmacion:  Mi desidia me impide hacer ejercicio,A6 = No me describe para nada|A5 = Casi no me describe|A4 = Me describe ocasionalmente|A3 = Me describe frecuentemente|A2 = Me describe totalmente
G_psi_locus_de_control_ejercicio_14, Individuo  - Locus_de_control_ejercicio: Selecciona el grado en que te describe la afirmacion:  Mi inconstancia me impide hacer ejercicio,A6 = No me describe para nada|A5 = Casi no me describe|A4 = Me describe ocasionalmente|A3 = Me describe frecuentemente|A2 = Me describe totalmente
G_psi_locus_de_control_ejercicio_15, Individuo  - Locus_de_control_ejercicio: Selecciona el grado en que te describe la afirmacion:  Mi falta de organización me impide hacer ejercicio,A6 = No me describe para nada|A5 = Casi no me describe|A4 = Me describe ocasionalmente|A3 = Me describe frecuentemente|A2 = Me describe totalmente
G_psi_locus_de_control_ejercicio_16, Individuo  - Locus_de_control_ejercicio: Selecciona el grado en que te describe la afirmacion:  Distraerme en muchas cosas me impide hacer ejercicio,A6 = No me describe para nada|A5 = Casi no me describe|A4 = Me describe ocasionalmente|A3 = Me describe frecuentemente|A2 = Me describe totalmente
G_psi_locus_de_control_ejercicio_17, Individuo  - Locus_de_control_ejercicio: Selecciona el grado en que te describe la afirmacion:  Mi falta de voluntad me impide hacer ejercicio,A6 = No me describe para nada|A5 = Casi no me describe|A4 = Me describe ocasionalmente|A3 = Me describe frecuentemente|A2 = Me describe totalmente
G_psi_locus_de_control_ejercicio_18, Individuo  - Locus_de_control_ejercicio: Selecciona el grado en que te describe la afirmacion:  Mi falta de iniciativa me impide hacer ejercicio,A6 = No me describe para nada|A5 = Casi no me describe|A4 = Me describe ocasionalmente|A3 = Me describe frecuentemente|A2 = Me describe totalmente
G_psi_locus_de_control_ejercicio_19, Individuo  - Locus_de_control_ejercicio: Selecciona el grado en que te describe la afirmacion:  El cansancio físico me impide hacer ejercicio,A6 = No me describe para nada|A5 = Casi no me describe|A4 = Me describe ocasionalmente|A3 = Me describe frecuentemente|A2 = Me describe totalmente
G_psi_locus_de_control_ejercicio_20, Individuo  - Locus_de_control_ejercicio: Selecciona el grado en que te describe la afirmacion:  Mis enfermedades me impiden hacer ejercicio,A6 = No me describe para nada|A5 = Casi no me describe|A4 = Me describe ocasionalmente|A3 = Me describe frecuentemente|A2 = Me describe totalmente
G_psi_locus_de_control_ejercicio_21, Individuo  - Locus_de_control_ejercicio: Selecciona el grado en que te describe la afirmacion:  Mis lesiones me impiden hacer ejercicio,A6 = No me describe para nada|A5 = Casi no me describe|A4 = Me describe ocasionalmente|A3 = Me describe frecuentemente|A2 = Me describe totalmente
G_psi_locus_de_control_ejercicio_22, Individuo  - Locus_de_control_ejercicio: Selecciona el grado en que te describe la afirmacion:  El cansancio mental me impide hacer ejercicio,A6 = No me describe para nada|A5 = Casi no me describe|A4 = Me describe ocasionalmente|A3 = Me describe frecuentemente|A2 = Me describe totalmente
G_psi_locus_de_control_ejercicio_23, Individuo  - Locus_de_control_ejercicio: Selecciona el grado en que te describe la afirmacion:  Estar de bajo ánimo me impide hacer ejercicio,A6 = No me describe para nada|A5 = Casi no me describe|A4 = Me describe ocasionalmente|A3 = Me describe frecuentemente|A2 = Me describe totalmente
G_psi_locus_de_control_ejercicio_24, Individuo  - Locus_de_control_ejercicio: Selecciona el grado en que te describe la afirmacion:  Estar triste me impide hacer ejercicio,A6 = No me describe para nada|A5 = Casi no me describe|A4 = Me describe ocasionalmente|A3 = Me describe frecuentemente|A2 = Me describe totalmente
G_psi_locus_de_control_ejercicio_25, Individuo  - Locus_de_control_ejercicio: Selecciona el grado en que te describe la afirmacion:  El miedo de lastimarme me impide hacer ejercicio,A6 = No me describe para nada|A5 = Casi no me describe|A4 = Me describe ocasionalmente|A3 = Me describe frecuentemente|A2 = Me describe totalmente
G_psi_locus_de_control_ejercicio_26, Individuo  - Locus_de_control_ejercicio: Selecciona el grado en que te describe la afirmacion:  Las burlas de otros me impiden hacer ejercicio,A6 = No me describe para nada|A5 = Casi no me describe|A4 = Me describe ocasionalmente|A3 = Me describe frecuentemente|A2 = Me describe totalmente
G_psi_locus_de_control_ejercicio_27, Individuo  - Locus_de_control_ejercicio: Selecciona el grado en que te describe la afirmacion:  Quisiera hacer ejercicio pero no sé cómo hacerlo,A6 = No me describe para nada|A5 = Casi no me describe|A4 = Me describe ocasionalmente|A3 = Me describe frecuentemente|A2 = Me describe totalmente
G_psi_locus_de_control_ejercicio_28, Individuo  - Locus_de_control_ejercicio: Selecciona el grado en que te describe la afirmacion:  Hago ejercicio sólo si veo resultados de inmediato,A6 = No me describe para nada|A5 = Casi no me describe|A4 = Me describe ocasionalmente|A3 = Me describe frecuentemente|A2 = Me describe totalmente
G_psi_locus_de_control_ejercicio_29, Individuo  - Locus_de_control_ejercicio: Selecciona el grado en que te describe la afirmacion:  Hacer ejercicio depende de mí,A6 = No me describe para nada|A5 = Casi no me describe|A4 = Me describe ocasionalmente|A3 = Me describe frecuentemente|A2 = Me describe totalmente
G_psi_locus_de_control_ejercicio_30, Individuo  - Locus_de_control_ejercicio: Selecciona el grado en que te describe la afirmacion:  Depende de mí encontrar tiempo para hacer ejercicio,A6 = No me describe para nada|A5 = Casi no me describe|A4 = Me describe ocasionalmente|A3 = Me describe frecuentemente|A2 = Me describe totalmente
G_psi_locus_de_control_ejercicio_31, Individuo  - Locus_de_control_ejercicio: Selecciona el grado en que te describe la afirmacion:  Depende de mí planificar mis horarios para hacer ejercicio,A6 = No me describe para nada|A5 = Casi no me describe|A4 = Me describe ocasionalmente|A3 = Me describe frecuentemente|A2 = Me describe totalmente
G_psi_locus_de_control_ejercicio_32, Individuo  - Locus_de_control_ejercicio: Selecciona el grado en que te describe la afirmacion:  Depende de mí acomodar mis horarios para poder hacer ejercicio,A6 = No me describe para nada|A5 = Casi no me describe|A4 = Me describe ocasionalmente|A3 = Me describe frecuentemente|A2 = Me describe totalmente
G_psi_locus_de_control_ejercicio_33, Individuo  - Locus_de_control_ejercicio: Selecciona el grado en que te describe la afirmacion:  Depende de mí encontrar un lugar para hacer ejercicio,A6 = No me describe para nada|A5 = Casi no me describe|A4 = Me describe ocasionalmente|A3 = Me describe frecuentemente|A2 = Me describe totalmente
G_psi_locus_de_control_ejercicio_34, Individuo  - Locus_de_control_ejercicio: Selecciona el grado en que te describe la afirmacion:  Hago ejercicio cuando tengo con quien hacerlo,A6 = No me describe para nada|A5 = Casi no me describe|A4 = Me describe ocasionalmente|A3 = Me describe frecuentemente|A2 = Me describe totalmente
G_psi_locus_de_control_ejercicio_35, Individuo  - Locus_de_control_ejercicio: Selecciona el grado en que te describe la afirmacion:  Hago ejercicio cuando mis amigos o cercanos me lo proponen,A6 = No me describe para nada|A5 = Casi no me describe|A4 = Me describe ocasionalmente|A3 = Me describe frecuentemente|A2 = Me describe totalmente
G_psi_locus_de_control_ejercicio_36, Individuo  - Locus_de_control_ejercicio: Selecciona el grado en que te describe la afirmacion:  Hago ejercicio cuando mi médico me lo indica,A6 = No me describe para nada|A5 = Casi no me describe|A4 = Me describe ocasionalmente|A3 = Me describe frecuentemente|A2 = Me describe totalmente
G_psi_locus_de_control_ejercicio_37," Individuo  - Locus_de_control_ejercicio: Selecciona el grado en que te describe la afirmacion:  Si el destino así lo quiere, algún día haré ejercicio",A6 = No me describe para nada|A5 = Casi no me describe|A4 = Me describe ocasionalmente|A3 = Me describe frecuentemente|A2 = Me describe totalmente
G_psi_locus_de_control_ejercicio_38, Individuo  - Locus_de_control_ejercicio: Selecciona el grado en que te describe la afirmacion:  El universo decide si yo haré ejercicio,A6 = No me describe para nada|A5 = Casi no me describe|A4 = Me describe ocasionalmente|A3 = Me describe frecuentemente|A2 = Me describe totalmente
G_psi_locus_de_control_ejercicio_39," Individuo  - Locus_de_control_ejercicio: Selecciona el grado en que te describe la afirmacion:  Si por suerte me sobra tiempo, hago ejercicio",A6 = No me describe para nada|A5 = Casi no me describe|A4 = Me describe ocasionalmente|A3 = Me describe frecuentemente|A2 = Me describe totalmente
G_psi_locus_de_control_ejercicio_40, Individuo  - Locus_de_control_ejercicio: Selecciona el grado en que te describe la afirmacion:  Hacer ejercicio depende de lo que suceda durante el día,A6 = No me describe para nada|A5 = Casi no me describe|A4 = Me describe ocasionalmente|A3 = Me describe frecuentemente|A2 = Me describe totalmente
G_psi_locus_de_control_ejercicio_41, Individuo  - Locus_de_control_ejercicio: Selecciona el grado en que te describe la afirmacion:  Lo único que me resulta posible respecto al ejercicio es caminar,A6 = No me describe para nada|A5 = Casi no me describe|A4 = Me describe ocasionalmente|A3 = Me describe frecuentemente|A2 = Me describe totalmente
G_psi_locus_de_control_ejercicio_42," Individuo  - Locus_de_control_ejercicio: Selecciona el grado en que te describe la afirmacion:  Aunque me lo propongo, nunca logro hacer ejercicio",A6 = No me describe para nada|A5 = Casi no me describe|A4 = Me describe ocasionalmente|A3 = Me describe frecuentemente|A2 = Me describe totalmente
G_psi_locus_de_control_ejercicio_43, Individuo  - Locus_de_control_ejercicio: Selecciona el grado en que te describe la afirmacion:  Me resulta imposible hacer ejercicio,A6 = No me describe para nada|A5 = Casi no me describe|A4 = Me describe ocasionalmente|A3 = Me describe frecuentemente|A2 = Me describe totalmente
G_psi_creencias_ejercicio_1, Individuo  - Creencias_ejercicio: Selecciona la opción que más te caracteriza respecto a: Se puede estar sano sin hacer ejercicio,A2 = Totalmente en desacuerdo|A3 = En desacuerdo|A4 = Ni acuerdo ni en desacuerdo|A5 = De acuerdo|A6 = Totalmente de acuerdo
G_psi_creencias_ejercicio_2, Individuo  - Creencias_ejercicio: Selecciona la opción que más te caracteriza respecto a: El ejercicio es para la gente vanidosa,A2 = Totalmente en desacuerdo|A3 = En desacuerdo|A4 = Ni acuerdo ni en desacuerdo|A5 = De acuerdo|A6 = Totalmente de acuerdo
G_psi_creencias_ejercicio_3, Individuo  - Creencias_ejercicio: Selecciona la opción que más te caracteriza respecto a: Para hacer ejercicio uno necesita ir al gimnasio,A2 = Totalmente en desacuerdo|A3 = En desacuerdo|A4 = Ni acuerdo ni en desacuerdo|A5 = De acuerdo|A6 = Totalmente de acuerdo
G_psi_creencias_ejercicio_4, Individuo  - Creencias_ejercicio: Selecciona la opción que más te caracteriza respecto a: Para hacer ejercicio uno tiene que tener dinero,A2 = Totalmente en desacuerdo|A3 = En desacuerdo|A4 = Ni acuerdo ni en desacuerdo|A5 = De acuerdo|A6 = Totalmente de acuerdo
G_psi_creencias_ejercicio_5, Individuo  - Creencias_ejercicio: Selecciona la opción que más te caracteriza respecto a: Vale la pena hacer ejercicio solo si uno le puede dedicar el tiempo necesario,A2 = Totalmente en desacuerdo|A3 = En desacuerdo|A4 = Ni acuerdo ni en desacuerdo|A5 = De acuerdo|A6 = Totalmente de acuerdo
G_psi_creencias_ejercicio_6, Individuo  - Creencias_ejercicio: Selecciona la opción que más te caracteriza respecto a: Con la edad el cuerpo cambia y se vuelve difícil hacer ejercicio,A2 = Totalmente en desacuerdo|A3 = En desacuerdo|A4 = Ni acuerdo ni en desacuerdo|A5 = De acuerdo|A6 = Totalmente de acuerdo
G_psi_creencias_ejercicio_7, Individuo  - Creencias_ejercicio: Selecciona la opción que más te caracteriza respecto a: El ejercicio no ayuda a bajar de peso,A2 = Totalmente en desacuerdo|A3 = En desacuerdo|A4 = Ni acuerdo ni en desacuerdo|A5 = De acuerdo|A6 = Totalmente de acuerdo
G_psi_creencias_ejercicio_8, Individuo  - Creencias_ejercicio: Selecciona la opción que más te caracteriza respecto a: El ejercicio es para las personas que quieren bajar de peso,A2 = Totalmente en desacuerdo|A3 = En desacuerdo|A4 = Ni acuerdo ni en desacuerdo|A5 = De acuerdo|A6 = Totalmente de acuerdo
G_psi_creencias_ejercicio_9, Individuo  - Creencias_ejercicio: Selecciona la opción que más te caracteriza respecto a: Desarrollarse profesionalmente es más importante que hacer ejercicio,A2 = Totalmente en desacuerdo|A3 = En desacuerdo|A4 = Ni acuerdo ni en desacuerdo|A5 = De acuerdo|A6 = Totalmente de acuerdo
G_psi_creencias_ejercicio_10, Individuo  - Creencias_ejercicio: Selecciona la opción que más te caracteriza respecto a: Estudiar es más importante que hacer ejercicio,A2 = Totalmente en desacuerdo|A3 = En desacuerdo|A4 = Ni acuerdo ni en desacuerdo|A5 = De acuerdo|A6 = Totalmente de acuerdo
G_psi_creencias_ejercicio_11, Individuo  - Creencias_ejercicio: Selecciona la opción que más te caracteriza respecto a: Dedicar tiempo a la familia es más importante que hacer ejercicio,A2 = Totalmente en desacuerdo|A3 = En desacuerdo|A4 = Ni acuerdo ni en desacuerdo|A5 = De acuerdo|A6 = Totalmente de acuerdo
G_psi_creencias_obesidad_1, Individuo  - Creencias_obesidad: Selecciona la opción que más te caracteriza respecto a: Cada persona tiene naturalmente un peso que no se puede cambiar,A2 = Totalmente en desacuerdo|A3 = En desacuerdo|A4 = Ni acuerdo ni en desacuerdo|A5 = De acuerdo|A6 = Totalmente de acuerdo
G_psi_creencias_obesidad_2, Individuo  - Creencias_obesidad: Selecciona la opción que más te caracteriza respecto a: El peso de cada persona depende más de la genética que de lo que uno haga,A2 = Totalmente en desacuerdo|A3 = En desacuerdo|A4 = Ni acuerdo ni en desacuerdo|A5 = De acuerdo|A6 = Totalmente de acuerdo
G_psi_creencias_obesidad_3, Individuo  - Creencias_obesidad: Selecciona la opción que más te caracteriza respecto a: El peso de cada persona depende más del metabolismo que de lo que uno haga,A2 = Totalmente en desacuerdo|A3 = En desacuerdo|A4 = Ni acuerdo ni en desacuerdo|A5 = De acuerdo|A6 = Totalmente de acuerdo
G_psi_creencias_obesidad_4, Individuo  - Creencias_obesidad: Selecciona la opción que más te caracteriza respecto a: El peso de cada persona depende más de su estructura ósea que de lo que uno haga,A2 = Totalmente en desacuerdo|A3 = En desacuerdo|A4 = Ni acuerdo ni en desacuerdo|A5 = De acuerdo|A6 = Totalmente de acuerdo
G_psi_creencias_obesidad_5, Individuo  - Creencias_obesidad: Selecciona la opción que más te caracteriza respecto a: El peso de uno depende de los hábitos que se le inculcaron en la casa,A2 = Totalmente en desacuerdo|A3 = En desacuerdo|A4 = Ni acuerdo ni en desacuerdo|A5 = De acuerdo|A6 = Totalmente de acuerdo
G_psi_creencias_obesidad_6, Individuo  - Creencias_obesidad: Selecciona la opción que más te caracteriza respecto a: La obesidad es una enfermedad,A2 = Totalmente en desacuerdo|A3 = En desacuerdo|A4 = Ni acuerdo ni en desacuerdo|A5 = De acuerdo|A6 = Totalmente de acuerdo
G_psi_creencias_obesidad_7, Individuo  - Creencias_obesidad: Selecciona la opción que más te caracteriza respecto a: La obesidad no depende mucho de lo que uno haga,A2 = Totalmente en desacuerdo|A3 = En desacuerdo|A4 = Ni acuerdo ni en desacuerdo|A5 = De acuerdo|A6 = Totalmente de acuerdo
G_psi_autoeficacia_alimento_1," Individuo  - Autoeficacia_alimento: Se describen situaciones que podrían reflejar la dificultad que implica hacer una dieta saludable. ¿Qué tan segura(o) estas de poder ajustarte a la rutina de manera regular o consistente (más de tres veces a la semana) a pesar de estas situaciones? Mientras ves televisión. Opciones de respuesta: ""No soy capaz de hacer una dieta saludable = 0"", hasta ""Estoy totalmente convencido de poder hacer una dieta saludable = 10""",A1 = 0 -No soy capaz de hacer una dieta saludable|A2 = 1|A3 = 2|A4 = 3|A5 = 4|A6 = 5 -Creo que podría ser capaz de hacer una dieta saludable|A7 = 6|A8 = 7|A9 = 8|A10 = 9|A11 = 10 -Estoy totalmente convencido de poder hacer una dieta saludable
G_psi_autoeficacia_alimento_2, Individuo  - Autoeficacia_alimento: Se describen situaciones que podrían reflejar la dificultad que implica hacer una dieta saludable. ¿Qué tan segura(o) estas de poder ajustarte a la rutina de manera regular o consistente (más de tres veces a la semana) a pesar de estas situaciones? Sintiendome inquieta (o) o aburrida(o).,A22 = 0 -No soy capaz de hacer una dieta saludable|A23 = 1|A24 = 2|A25 = 3|A26 = 4|A27 = 5 -Creo que podría ser capaz de hacer una dieta saludable|A28 = 6|A29 = 7|A30 = 8|A31 = 9|A32 = 10 -Estoy totalmente convencido de poder hacer una dieta saludable
G_psi_autoeficacia_alimento_3, Individuo  - Autoeficacia_alimento: Se describen situaciones que podrían reflejar la dificultad que implica hacer una dieta saludable. ¿Qué tan segura(o) estas de poder ajustarte a la rutina de manera regular o consistente (más de tres veces a la semana) a pesar de estas situaciones? Durante algún día festivo.,A22 = 0 -No soy capaz de hacer una dieta saludable|A23 = 1|A24 = 2|A25 = 3|A26 = 4|A27 = 5 -Creo que podría ser capaz de hacer una dieta saludable|A28 = 6|A29 = 7|A30 = 8|A31 = 9|A32 = 10 -Estoy totalmente convencido de poder hacer una dieta saludable
G_psi_autoeficacia_alimento_4, Individuo  - Autoeficacia_alimento: Se describen situaciones que podrían reflejar la dificultad que implica hacer una dieta saludable. ¿Qué tan segura(o) estas de poder ajustarte a la rutina de manera regular o consistente (más de tres veces a la semana) a pesar de estas situaciones? Al sentirme enojada(o) o tensa(o) por cuestiones laborales.,A22 = 0 -No soy capaz de hacer una dieta saludable|A23 = 1|A24 = 2|A25 = 3|A26 = 4|A27 = 5 -Creo que podría ser capaz de hacer una dieta saludable|A28 = 6|A29 = 7|A30 = 8|A31 = 9|A32 = 10 -Estoy totalmente convencido de poder hacer una dieta saludable
G_psi_autoeficacia_alimento_5, Individuo  - Autoeficacia_alimento: Se describen situaciones que podrían reflejar la dificultad que implica hacer una dieta saludable. ¿Qué tan segura(o) estas de poder ajustarte a la rutina de manera regular o consistente (más de tres veces a la semana) a pesar de estas situaciones? Cuando como en casa de algún(a) amigo(a).,A22 = 0 -No soy capaz de hacer una dieta saludable|A23 = 1|A24 = 2|A25 = 3|A26 = 4|A27 = 5 -Creo que podría ser capaz de hacer una dieta saludable|A28 = 6|A29 = 7|A30 = 8|A31 = 9|A32 = 10 -Estoy totalmente convencido de poder hacer una dieta saludable
G_psi_autoeficacia_alimento_6, Individuo  - Autoeficacia_alimento: Se describen situaciones que podrían reflejar la dificultad que implica hacer una dieta saludable. ¿Qué tan segura(o) estas de poder ajustarte a la rutina de manera regular o consistente (más de tres veces a la semana) a pesar de estas situaciones? Cuando preparo comida para otras personas.,A22 = 0 -No soy capaz de hacer una dieta saludable|A23 = 1|A24 = 2|A25 = 3|A26 = 4|A27 = 5 -Creo que podría ser capaz de hacer una dieta saludable|A28 = 6|A29 = 7|A30 = 8|A31 = 9|A32 = 10 -Estoy totalmente convencido de poder hacer una dieta saludable
G_psi_autoeficacia_alimento_7, Individuo  - Autoeficacia_alimento: Se describen situaciones que podrían reflejar la dificultad que implica hacer una dieta saludable. ¿Qué tan segura(o) estas de poder ajustarte a la rutina de manera regular o consistente (más de tres veces a la semana) a pesar de estas situaciones? Comiendo sola(o) en un restaurante.,A22 = 0 -No soy capaz de hacer una dieta saludable|A23 = 1|A24 = 2|A25 = 3|A26 = 4|A27 = 5 -Creo que podría ser capaz de hacer una dieta saludable|A28 = 6|A29 = 7|A30 = 8|A31 = 9|A32 = 10 -Estoy totalmente convencido de poder hacer una dieta saludable
G_psi_autoeficacia_alimento_8, Individuo  - Autoeficacia_alimento: Se describen situaciones que podrían reflejar la dificultad que implica hacer una dieta saludable. ¿Qué tan segura(o) estas de poder ajustarte a la rutina de manera regular o consistente (más de tres veces a la semana) a pesar de estas situaciones? Cuando estás enojada(o) o molesta(o).,A22 = 0 -No soy capaz de hacer una dieta saludable|A23 = 1|A24 = 2|A25 = 3|A26 = 4|A27 = 5 -Creo que podría ser capaz de hacer una dieta saludable|A28 = 6|A29 = 7|A30 = 8|A31 = 9|A32 = 10 -Estoy totalmente convencido de poder hacer una dieta saludable
G_psi_autoeficacia_alimento_9, Individuo  - Autoeficacia_alimento: Se describen situaciones que podrían reflejar la dificultad que implica hacer una dieta saludable. ¿Qué tan segura(o) estas de poder ajustarte a la rutina de manera regular o consistente (más de tres veces a la semana) a pesar de estas situaciones? Cuando estás muy hambrienta(o).,A22 = 0 -No soy capaz de hacer una dieta saludable|A23 = 1|A24 = 2|A25 = 3|A26 = 4|A27 = 5 -Creo que podría ser capaz de hacer una dieta saludable|A28 = 6|A29 = 7|A30 = 8|A31 = 9|A32 = 10 -Estoy totalmente convencido de poder hacer una dieta saludable
G_psi_autoeficacia_alimento_10, Individuo  - Autoeficacia_alimento: Se describen situaciones que podrían reflejar la dificultad que implica hacer una dieta saludable. ¿Qué tan segura(o) estas de poder ajustarte a la rutina de manera regular o consistente (más de tres veces a la semana) a pesar de estas situaciones? Cuando estás deprimida(o).,A22 = 0 -No soy capaz de hacer una dieta saludable|A23 = 1|A24 = 2|A25 = 3|A26 = 4|A27 = 5 -Creo que podría ser capaz de hacer una dieta saludable|A28 = 6|A29 = 7|A30 = 8|A31 = 9|A32 = 10 -Estoy totalmente convencido de poder hacer una dieta saludable
G_psi_autoeficacia_alimento_11, Individuo  - Autoeficacia_alimento: Se describen situaciones que podrían reflejar la dificultad que implica hacer una dieta saludable. ¿Qué tan segura(o) estas de poder ajustarte a la rutina de manera regular o consistente (más de tres veces a la semana) a pesar de estas situaciones? Cuando quieres relajarte y disfrutar la comida.,A22 = 0 -No soy capaz de hacer una dieta saludable|A23 = 1|A24 = 2|A25 = 3|A26 = 4|A27 = 5 -Creo que podría ser capaz de hacer una dieta saludable|A28 = 6|A29 = 7|A30 = 8|A31 = 9|A32 = 10 -Estoy totalmente convencido de poder hacer una dieta saludable
G_psi_autoeficacia_alimento_12, Individuo  - Autoeficacia_alimento: Se describen situaciones que podrían reflejar la dificultad que implica hacer una dieta saludable. ¿Qué tan segura(o) estas de poder ajustarte a la rutina de manera regular o consistente (más de tres veces a la semana) a pesar de estas situaciones? Cuando mucha comida poco saludable está disponible en tu casa.,A22 = 0 -No soy capaz de hacer una dieta saludable|A23 = 1|A24 = 2|A25 = 3|A26 = 4|A27 = 5 -Creo que podría ser capaz de hacer una dieta saludable|A28 = 6|A29 = 7|A30 = 8|A31 = 9|A32 = 10 -Estoy totalmente convencido de poder hacer una dieta saludable
G_psi_autoeficacia_alimento_13, Individuo  - Autoeficacia_alimento: Se describen situaciones que podrían reflejar la dificultad que implica hacer una dieta saludable. ¿Qué tan segura(o) estas de poder ajustarte a la rutina de manera regular o consistente (más de tres veces a la semana) a pesar de estas situaciones? Cuando tienes ganas de celebrar con otros.,A22 = 0 -No soy capaz de hacer una dieta saludable|A23 = 1|A24 = 2|A25 = 3|A26 = 4|A27 = 5 -Creo que podría ser capaz de hacer una dieta saludable|A28 = 6|A29 = 7|A30 = 8|A31 = 9|A32 = 10 -Estoy totalmente convencido de poder hacer una dieta saludable
G_psi_autoeficacia_alimento_14, Individuo  - Autoeficacia_alimento: Se describen situaciones que podrían reflejar la dificultad que implica hacer una dieta saludable. ¿Qué tan segura(o) estas de poder ajustarte a la rutina de manera regular o consistente (más de tres veces a la semana) a pesar de estas situaciones? Si alguien te ofrece comida poco saludable.,A22 = 0 -No soy capaz de hacer una dieta saludable|A23 = 1|A24 = 2|A25 = 3|A26 = 4|A27 = 5 -Creo que podría ser capaz de hacer una dieta saludable|A28 = 6|A29 = 7|A30 = 8|A31 = 9|A32 = 10 -Estoy totalmente convencido de poder hacer una dieta saludable
G_psi_autoeficacia_alimento_15, Individuo  - Autoeficacia_alimento: Se describen situaciones que podrían reflejar la dificultad que implica hacer una dieta saludable. ¿Qué tan segura(o) estas de poder ajustarte a la rutina de manera regular o consistente (más de tres veces a la semana) a pesar de estas situaciones? Cuando recibes visitas.,A22 = 0 -No soy capaz de hacer una dieta saludable|A23 = 1|A24 = 2|A25 = 3|A26 = 4|A27 = 5 -Creo que podría ser capaz de hacer una dieta saludable|A28 = 6|A29 = 7|A30 = 8|A31 = 9|A32 = 10 -Estoy totalmente convencido de poder hacer una dieta saludable
G_psi_autoeficacia_alimento_16, Individuo  - Autoeficacia_alimento: Se describen situaciones que podrían reflejar la dificultad que implica hacer una dieta saludable. ¿Qué tan segura(o) estas de poder ajustarte a la rutina de manera regular o consistente (más de tres veces a la semana) a pesar de estas situaciones? Durante las vacaciones.,A22 = 0 -No soy capaz de hacer una dieta saludable|A23 = 1|A24 = 2|A25 = 3|A26 = 4|A27 = 5 -Creo que podría ser capaz de hacer una dieta saludable|A28 = 6|A29 = 7|A30 = 8|A31 = 9|A32 = 10 -Estoy totalmente convencido de poder hacer una dieta saludable
G_psi_autoeficacia_alimento_17, Individuo  - Autoeficacia_alimento: Se describen situaciones que podrían reflejar la dificultad que implica hacer una dieta saludable. ¿Qué tan segura(o) estas de poder ajustarte a la rutina de manera regular o consistente (más de tres veces a la semana) a pesar de estas situaciones? Cuando sales a comer con otras personas y piden comida poco saludable.,A22 = 0 -No soy capaz de hacer una dieta saludable|A23 = 1|A24 = 2|A25 = 3|A26 = 4|A27 = 5 -Creo que podría ser capaz de hacer una dieta saludable|A28 = 6|A29 = 7|A30 = 8|A31 = 9|A32 = 10 -Estoy totalmente convencido de poder hacer una dieta saludable
G_psi_autoeficacia_alimento_18, Individuo  - Autoeficacia_alimento: Se describen situaciones que podrían reflejar la dificultad que implica hacer una dieta saludable. ¿Qué tan segura(o) estas de poder ajustarte a la rutina de manera regular o consistente (más de tres veces a la semana) a pesar de estas situaciones? En fiestas donde se sirve mucha comida poco saludable.,A22 = 0 -No soy capaz de hacer una dieta saludable|A23 = 1|A24 = 2|A25 = 3|A26 = 4|A27 = 5 -Creo que podría ser capaz de hacer una dieta saludable|A28 = 6|A29 = 7|A30 = 8|A31 = 9|A32 = 10 -Estoy totalmente convencido de poder hacer una dieta saludable
G_psi_autoeficacia_alimento_19, Individuo  - Autoeficacia_alimento: Se describen situaciones que podrían reflejar la dificultad que implica hacer una dieta saludable. ¿Qué tan segura(o) estas de poder ajustarte a la rutina de manera regular o consistente (más de tres veces a la semana) a pesar de estas situaciones? En eventos recreativos y deportivos en los que se sirve comida poco saludable.,A22 = 0 -No soy capaz de hacer una dieta saludable|A23 = 1|A24 = 2|A25 = 3|A26 = 4|A27 = 5 -Creo que podría ser capaz de hacer una dieta saludable|A28 = 6|A29 = 7|A30 = 8|A31 = 9|A32 = 10 -Estoy totalmente convencido de poder hacer una dieta saludable
G_psi_autoeficacia_alimento_20, Individuo  - Autoeficacia_alimento: Se describen situaciones que podrían reflejar la dificultad que implica hacer una dieta saludable. ¿Qué tan segura(o) estas de poder ajustarte a la rutina de manera regular o consistente (más de tres veces a la semana) a pesar de estas situaciones? Cuando visitas otra ciudad y necesitas comer algo rápido.,A22 = 0 -No soy capaz de hacer una dieta saludable|A23 = 1|A24 = 2|A25 = 3|A26 = 4|A27 = 5 -Creo que podría ser capaz de hacer una dieta saludable|A28 = 6|A29 = 7|A30 = 8|A31 = 9|A32 = 10 -Estoy totalmente convencido de poder hacer una dieta saludable
G_psi_autoeficacia_alimento_21, Individuo  - Autoeficacia_alimento: Se describen situaciones que podrían reflejar la dificultad que implica hacer una dieta saludable. ¿Qué tan segura(o) estas de poder ajustarte a la rutina de manera regular o consistente (más de tres veces a la semana) a pesar de estas situaciones? Con comida de aviones que es poco saludable.,A22 = 0 -No soy capaz de hacer una dieta saludable|A23 = 1|A24 = 2|A25 = 3|A26 = 4|A27 = 5 -Creo que podría ser capaz de hacer una dieta saludable|A28 = 6|A29 = 7|A30 = 8|A31 = 9|A32 = 10 -Estoy totalmente convencido de poder hacer una dieta saludable
G_psi_autoeficacia_alimento_22, Individuo  - Autoeficacia_alimento: Se describen situaciones que podrían reflejar la dificultad que implica hacer una dieta saludable. ¿Qué tan segura(o) estas de poder ajustarte a la rutina de manera regular o consistente (más de tres veces a la semana) a pesar de estas situaciones? Cuando visitas otra ciudad y quieres probar la comida y los restaurantes locales.,A22 = 0 -No soy capaz de hacer una dieta saludable|A23 = 1|A24 = 2|A25 = 3|A26 = 4|A27 = 5 -Creo que podría ser capaz de hacer una dieta saludable|A28 = 6|A29 = 7|A30 = 8|A31 = 9|A32 = 10 -Estoy totalmente convencido de poder hacer una dieta saludable
G_psi_autoeficacia_alimento_23, Individuo  - Autoeficacia_alimento: Se describen situaciones que podrían reflejar la dificultad que implica hacer una dieta saludable. ¿Qué tan segura(o) estas de poder ajustarte a la rutina de manera regular o consistente (más de tres veces a la semana) a pesar de estas situaciones? Días festivos y celebraciones en los que se sirve comida poco saludable.,A22 = 0 -No soy capaz de hacer una dieta saludable|A23 = 1|A24 = 2|A25 = 3|A26 = 4|A27 = 5 -Creo que podría ser capaz de hacer una dieta saludable|A28 = 6|A29 = 7|A30 = 8|A31 = 9|A32 = 10 -Estoy totalmente convencido de poder hacer una dieta saludable
G_psi_autoeficacia_alimento_24, Individuo  - Autoeficacia_alimento: Se describen situaciones que podrían reflejar la dificultad que implica hacer una dieta saludable. ¿Qué tan segura(o) estas de poder ajustarte a la rutina de manera regular o consistente (más de tres veces a la semana) a pesar de estas situaciones? Cuando te enojas por asuntos familiares.,A22 = 0 -No soy capaz de hacer una dieta saludable|A23 = 1|A24 = 2|A25 = 3|A26 = 4|A27 = 5 -Creo que podría ser capaz de hacer una dieta saludable|A28 = 6|A29 = 7|A30 = 8|A31 = 9|A32 = 10 -Estoy totalmente convencido de poder hacer una dieta saludable
G_psi_autoeficacia_alimento_25, Individuo  - Autoeficacia_alimento: Se describen situaciones que podrían reflejar la dificultad que implica hacer una dieta saludable. ¿Qué tan segura(o) estas de poder ajustarte a la rutina de manera regular o consistente (más de tres veces a la semana) a pesar de estas situaciones? Cuando quieres tener variedad en tu dieta.,A22 = 0 -No soy capaz de hacer una dieta saludable|A23 = 1|A24 = 2|A25 = 3|A26 = 4|A27 = 5 -Creo que podría ser capaz de hacer una dieta saludable|A28 = 6|A29 = 7|A30 = 8|A31 = 9|A32 = 10 -Estoy totalmente convencido de poder hacer una dieta saludable
G_psi_autoeficacia_alimento_26, Individuo  - Autoeficacia_alimento: Se describen situaciones que podrían reflejar la dificultad que implica hacer una dieta saludable. ¿Qué tan segura(o) estas de poder ajustarte a la rutina de manera regular o consistente (más de tres veces a la semana) a pesar de estas situaciones? Cuando comes el desayuno en algún restaurante.,A22 = 0 -No soy capaz de hacer una dieta saludable|A23 = 1|A24 = 2|A25 = 3|A26 = 4|A27 = 5 -Creo que podría ser capaz de hacer una dieta saludable|A28 = 6|A29 = 7|A30 = 8|A31 = 9|A32 = 10 -Estoy totalmente convencido de poder hacer una dieta saludable
G_psi_autoeficacia_alimento_27, Individuo  - Autoeficacia_alimento: Se describen situaciones que podrían reflejar la dificultad que implica hacer una dieta saludable. ¿Qué tan segura(o) estas de poder ajustarte a la rutina de manera regular o consistente (más de tres veces a la semana) a pesar de estas situaciones? Cuando otras personas traen o sirven comida poco saludable.,A22 = 0 -No soy capaz de hacer una dieta saludable|A23 = 1|A24 = 2|A25 = 3|A26 = 4|A27 = 5 -Creo que podría ser capaz de hacer una dieta saludable|A28 = 6|A29 = 7|A30 = 8|A31 = 9|A32 = 10 -Estoy totalmente convencido de poder hacer una dieta saludable
G_psi_autoeficacia_alimento_28, Individuo  - Autoeficacia_alimento: Se describen situaciones que podrían reflejar la dificultad que implica hacer una dieta saludable. ¿Qué tan segura(o) estas de poder ajustarte a la rutina de manera regular o consistente (más de tres veces a la semana) a pesar de estas situaciones? Cuando debes preparar tu propia comida.,A22 = 0 -No soy capaz de hacer una dieta saludable|A23 = 1|A24 = 2|A25 = 3|A26 = 4|A27 = 5 -Creo que podría ser capaz de hacer una dieta saludable|A28 = 6|A29 = 7|A30 = 8|A31 = 9|A32 = 10 -Estoy totalmente convencido de poder hacer una dieta saludable
G_psi_autoeficacia_alimento_29, Individuo  - Autoeficacia_alimento: Se describen situaciones que podrían reflejar la dificultad que implica hacer una dieta saludable. ¿Qué tan segura(o) estas de poder ajustarte a la rutina de manera regular o consistente (más de tres veces a la semana) a pesar de estas situaciones? Cuando se te antoja comida poco saludable en el supermercado.,A22 = 0 -No soy capaz de hacer una dieta saludable|A23 = 1|A24 = 2|A25 = 3|A26 = 4|A27 = 5 -Creo que podría ser capaz de hacer una dieta saludable|A28 = 6|A29 = 7|A30 = 8|A31 = 9|A32 = 10 -Estoy totalmente convencido de poder hacer una dieta saludable
G_psi_autoeficacia_alimento_30, Individuo  - Autoeficacia_alimento: Se describen situaciones que podrían reflejar la dificultad que implica hacer una dieta saludable. ¿Qué tan segura(o) estas de poder ajustarte a la rutina de manera regular o consistente (más de tres veces a la semana) a pesar de estas situaciones? Cuando sales a comer con otras personas y piden comida poco saludable.,A22 = 0 -No soy capaz de hacer una dieta saludable|A23 = 1|A24 = 2|A25 = 3|A26 = 4|A27 = 5 -Creo que podría ser capaz de hacer una dieta saludable|A28 = 6|A29 = 7|A30 = 8|A31 = 9|A32 = 10 -Estoy totalmente convencido de poder hacer una dieta saludable
G_psi_autoeficacia_ejercicio_1, Individuo  - Autoeficacia_ejercicio: Se describen situaciones que podrían reflejar la dificultad que implica apegarse a una rutina de ejercicio. ¿Qué tan segura(o) estas de poder ajustarte a la rutina de manera regular o consistente (más de tres veces a la semana) a pesar de estas situaciones? Cuando te sientes cansado.,A1 = 0--No soy capaz de hacer una rutina de ejercicio|A2 = 1|A3 = 2|A4 = 3|A5 = 4|A6 = 5 --Creo que podría ser capaz de hacer una rutina de ejercicio|A7 = 6|A8 = 7|A9 = 8|A10 = 9|A11 = 10--Estoy totalmente convencido de poder hacer una rutina de ejercicio
G_psi_autoeficacia_ejercicio_2, Individuo  - Autoeficacia_ejercicio: Se describen situaciones que podrían reflejar la dificultad que implica apegarse a una rutina de ejercicio. ¿Qué tan segura(o) estas de poder ajustarte a la rutina de manera regular o consistente (más de tres veces a la semana) a pesar de estas situaciones?  Cuando te sientes presionado por cuestiones laborales.,A1 = 0--No soy capaz de hacer una rutina de ejercicio|A2 = 1|A3 = 2|A4 = 3|A5 = 4|A6 = 5 --Creo que podría ser capaz de hacer una rutina de ejercicio|A7 = 6|A8 = 7|A9 = 8|A10 = 9|A11 = 10--Estoy totalmente convencido de poder hacer una rutina de ejercicio
G_psi_autoeficacia_ejercicio_3, Individuo  - Autoeficacia_ejercicio: Se describen situaciones que podrían reflejar la dificultad que implica apegarse a una rutina de ejercicio. ¿Qué tan segura(o) estas de poder ajustarte a la rutina de manera regular o consistente (más de tres veces a la semana) a pesar de estas situaciones?  Durante un mal clima.,A1 = 0--No soy capaz de hacer una rutina de ejercicio|A2 = 1|A3 = 2|A4 = 3|A5 = 4|A6 = 5 --Creo que podría ser capaz de hacer una rutina de ejercicio|A7 = 6|A8 = 7|A9 = 8|A10 = 9|A11 = 10--Estoy totalmente convencido de poder hacer una rutina de ejercicio
G_psi_autoeficacia_ejercicio_4, Individuo  - Autoeficacia_ejercicio: Se describen situaciones que podrían reflejar la dificultad que implica apegarse a una rutina de ejercicio. ¿Qué tan segura(o) estas de poder ajustarte a la rutina de manera regular o consistente (más de tres veces a la semana) a pesar de estas situaciones?  Durante o después de vivir problemas personales.,A1 = 0--No soy capaz de hacer una rutina de ejercicio|A2 = 1|A3 = 2|A4 = 3|A5 = 4|A6 = 5 --Creo que podría ser capaz de hacer una rutina de ejercicio|A7 = 6|A8 = 7|A9 = 8|A10 = 9|A11 = 10--Estoy totalmente convencido de poder hacer una rutina de ejercicio
G_psi_autoeficacia_ejercicio_5, Individuo  - Autoeficacia_ejercicio: Se describen situaciones que podrían reflejar la dificultad que implica apegarse a una rutina de ejercicio. ¿Qué tan segura(o) estas de poder ajustarte a la rutina de manera regular o consistente (más de tres veces a la semana) a pesar de estas situaciones?  Después de recuperarte de una lesión que te impidió seguir con el ejercicio.,A1 = 0--No soy capaz de hacer una rutina de ejercicio|A2 = 1|A3 = 2|A4 = 3|A5 = 4|A6 = 5 --Creo que podría ser capaz de hacer una rutina de ejercicio|A7 = 6|A8 = 7|A9 = 8|A10 = 9|A11 = 10--Estoy totalmente convencido de poder hacer una rutina de ejercicio
G_psi_autoeficacia_ejercicio_6, Individuo  - Autoeficacia_ejercicio: Se describen situaciones que podrían reflejar la dificultad que implica apegarse a una rutina de ejercicio. ¿Qué tan segura(o) estas de poder ajustarte a la rutina de manera regular o consistente (más de tres veces a la semana) a pesar de estas situaciones?  Cuando te sientes deprimido.,A1 = 0--No soy capaz de hacer una rutina de ejercicio|A2 = 1|A3 = 2|A4 = 3|A5 = 4|A6 = 5 --Creo que podría ser capaz de hacer una rutina de ejercicio|A7 = 6|A8 = 7|A9 = 8|A10 = 9|A11 = 10--Estoy totalmente convencido de poder hacer una rutina de ejercicio
G_psi_autoeficacia_ejercicio_7, Individuo  - Autoeficacia_ejercicio: Se describen situaciones que podrían reflejar la dificultad que implica apegarse a una rutina de ejercicio. ¿Qué tan segura(o) estas de poder ajustarte a la rutina de manera regular o consistente (más de tres veces a la semana) a pesar de estas situaciones?  Cuando te sientes ansioso.,A1 = 0--No soy capaz de hacer una rutina de ejercicio|A2 = 1|A3 = 2|A4 = 3|A5 = 4|A6 = 5 --Creo que podría ser capaz de hacer una rutina de ejercicio|A7 = 6|A8 = 7|A9 = 8|A10 = 9|A11 = 10--Estoy totalmente convencido de poder hacer una rutina de ejercicio
G_psi_autoeficacia_ejercicio_8, Individuo  - Autoeficacia_ejercicio: Se describen situaciones que podrían reflejar la dificultad que implica apegarse a una rutina de ejercicio. ¿Qué tan segura(o) estas de poder ajustarte a la rutina de manera regular o consistente (más de tres veces a la semana) a pesar de estas situaciones?  Después de recuperarte de una enfermedad que te impidió seguir con el ejercicio.,A1 = 0--No soy capaz de hacer una rutina de ejercicio|A2 = 1|A3 = 2|A4 = 3|A5 = 4|A6 = 5 --Creo que podría ser capaz de hacer una rutina de ejercicio|A7 = 6|A8 = 7|A9 = 8|A10 = 9|A11 = 10--Estoy totalmente convencido de poder hacer una rutina de ejercicio
G_psi_autoeficacia_ejercicio_9, Individuo  - Autoeficacia_ejercicio: Se describen situaciones que podrían reflejar la dificultad que implica apegarse a una rutina de ejercicio. ¿Qué tan segura(o) estas de poder ajustarte a la rutina de manera regular o consistente (más de tres veces a la semana) a pesar de estas situaciones?  Cuando sientes incomodidad física al hacer ejercicio.,A1 = 0--No soy capaz de hacer una rutina de ejercicio|A2 = 1|A3 = 2|A4 = 3|A5 = 4|A6 = 5 --Creo que podría ser capaz de hacer una rutina de ejercicio|A7 = 6|A8 = 7|A9 = 8|A10 = 9|A11 = 10--Estoy totalmente convencido de poder hacer una rutina de ejercicio
G_psi_autoeficacia_ejercicio_10, Individuo  - Autoeficacia_ejercicio: Se describen situaciones que podrían reflejar la dificultad que implica apegarse a una rutina de ejercicio. ¿Qué tan segura(o) estas de poder ajustarte a la rutina de manera regular o consistente (más de tres veces a la semana) a pesar de estas situaciones?  Después de vacaciones.,A1 = 0--No soy capaz de hacer una rutina de ejercicio|A2 = 1|A3 = 2|A4 = 3|A5 = 4|A6 = 5 --Creo que podría ser capaz de hacer una rutina de ejercicio|A7 = 6|A8 = 7|A9 = 8|A10 = 9|A11 = 10--Estoy totalmente convencido de poder hacer una rutina de ejercicio
G_psi_autoeficacia_ejercicio_11, Individuo  - Autoeficacia_ejercicio: Se describen situaciones que podrían reflejar la dificultad que implica apegarse a una rutina de ejercicio. ¿Qué tan segura(o) estas de poder ajustarte a la rutina de manera regular o consistente (más de tres veces a la semana) a pesar de estas situaciones?  Cuando tienes mucho trabajo que hacer en casa.,A1 = 0--No soy capaz de hacer una rutina de ejercicio|A2 = 1|A3 = 2|A4 = 3|A5 = 4|A6 = 5 --Creo que podría ser capaz de hacer una rutina de ejercicio|A7 = 6|A8 = 7|A9 = 8|A10 = 9|A11 = 10--Estoy totalmente convencido de poder hacer una rutina de ejercicio
G_psi_autoeficacia_ejercicio_12, Individuo  - Autoeficacia_ejercicio: Se describen situaciones que podrían reflejar la dificultad que implica apegarse a una rutina de ejercicio. ¿Qué tan segura(o) estas de poder ajustarte a la rutina de manera regular o consistente (más de tres veces a la semana) a pesar de estas situaciones?  Cuando tienes visitas.,A1 = 0--No soy capaz de hacer una rutina de ejercicio|A2 = 1|A3 = 2|A4 = 3|A5 = 4|A6 = 5 --Creo que podría ser capaz de hacer una rutina de ejercicio|A7 = 6|A8 = 7|A9 = 8|A10 = 9|A11 = 10--Estoy totalmente convencido de poder hacer una rutina de ejercicio
G_psi_autoeficacia_ejercicio_13, Individuo  - Autoeficacia_ejercicio: Se describen situaciones que podrían reflejar la dificultad que implica apegarse a una rutina de ejercicio. ¿Qué tan segura(o) estas de poder ajustarte a la rutina de manera regular o consistente (más de tres veces a la semana) a pesar de estas situaciones?  Cuando hay cosas más interesantes que hacer.,A1 = 0--No soy capaz de hacer una rutina de ejercicio|A2 = 1|A3 = 2|A4 = 3|A5 = 4|A6 = 5 --Creo que podría ser capaz de hacer una rutina de ejercicio|A7 = 6|A8 = 7|A9 = 8|A10 = 9|A11 = 10--Estoy totalmente convencido de poder hacer una rutina de ejercicio
G_psi_autoeficacia_ejercicio_14, Individuo  - Autoeficacia_ejercicio: Se describen situaciones que podrían reflejar la dificultad que implica apegarse a una rutina de ejercicio. ¿Qué tan segura(o) estas de poder ajustarte a la rutina de manera regular o consistente (más de tres veces a la semana) a pesar de estas situaciones?  Cuando no alcanzas tus metas de ejercicio.,A1 = 0--No soy capaz de hacer una rutina de ejercicio|A2 = 1|A3 = 2|A4 = 3|A5 = 4|A6 = 5 --Creo que podría ser capaz de hacer una rutina de ejercicio|A7 = 6|A8 = 7|A9 = 8|A10 = 9|A11 = 10--Estoy totalmente convencido de poder hacer una rutina de ejercicio
G_psi_autoeficacia_ejercicio_15, Individuo  - Autoeficacia_ejercicio: Se describen situaciones que podrían reflejar la dificultad que implica apegarse a una rutina de ejercicio. ¿Qué tan segura(o) estas de poder ajustarte a la rutina de manera regular o consistente (más de tres veces a la semana) a pesar de estas situaciones?  Sin el apoyo de familia o amigos.,A1 = 0--No soy capaz de hacer una rutina de ejercicio|A2 = 1|A3 = 2|A4 = 3|A5 = 4|A6 = 5 --Creo que podría ser capaz de hacer una rutina de ejercicio|A7 = 6|A8 = 7|A9 = 8|A10 = 9|A11 = 10--Estoy totalmente convencido de poder hacer una rutina de ejercicio
G_psi_autoeficacia_ejercicio_16, Individuo  - Autoeficacia_ejercicio: Se describen situaciones que podrían reflejar la dificultad que implica apegarse a una rutina de ejercicio. ¿Qué tan segura(o) estas de poder ajustarte a la rutina de manera regular o consistente (más de tres veces a la semana) a pesar de estas situaciones?  Durante vacaciones.,A1 = 0--No soy capaz de hacer una rutina de ejercicio|A2 = 1|A3 = 2|A4 = 3|A5 = 4|A6 = 5 --Creo que podría ser capaz de hacer una rutina de ejercicio|A7 = 6|A8 = 7|A9 = 8|A10 = 9|A11 = 10--Estoy totalmente convencido de poder hacer una rutina de ejercicio
G_psi_autoeficacia_ejercicio_17, Individuo  - Autoeficacia_ejercicio: Se describen situaciones que podrían reflejar la dificultad que implica apegarse a una rutina de ejercicio. ¿Qué tan segura(o) estas de poder ajustarte a la rutina de manera regular o consistente (más de tres veces a la semana) a pesar de estas situaciones?  Cuando tienes otros compromisos.,A1 = 0--No soy capaz de hacer una rutina de ejercicio|A2 = 1|A3 = 2|A4 = 3|A5 = 4|A6 = 5 --Creo que podría ser capaz de hacer una rutina de ejercicio|A7 = 6|A8 = 7|A9 = 8|A10 = 9|A11 = 10--Estoy totalmente convencido de poder hacer una rutina de ejercicio
G_psi_autoeficacia_ejercicio_18, Individuo  - Autoeficacia_ejercicio: Se describen situaciones que podrían reflejar la dificultad que implica apegarse a una rutina de ejercicio. ¿Qué tan segura(o) estas de poder ajustarte a la rutina de manera regular o consistente (más de tres veces a la semana) a pesar de estas situaciones?  Después de vivir problemas familiares.,A1 = 0--No soy capaz de hacer una rutina de ejercicio|A2 = 1|A3 = 2|A4 = 3|A5 = 4|A6 = 5 --Creo que podría ser capaz de hacer una rutina de ejercicio|A7 = 6|A8 = 7|A9 = 8|A10 = 9|A11 = 10--Estoy totalmente convencido de poder hacer una rutina de ejercicio
G_psi_woop: motivacion_1, Individuo  - Motivacion_cuidar_peso: Escoge 3 opciones que más te motivan a cuidar tu peso: A) Tener mejor calidad de vida. B)Tener mejor salud. C) Tener mejor condición física. D) Sentirme bien conmigo mism@. E) Sentir bienestar emocional. F) Adelgazar. G) Lucir mi ropa. H) Verme bien en las fotos. I) Tener hábitos saludables. J) Sentir que estoy logrando algo. K) Sentir que controlo mi vida. L) Tener un futuro mejor. M) Hacer algo bueno para mi. N) Sentirme feliz y orgullos@. O) Tener energía. P) Sentirme liberad@. Q) Otro (especifique). LA ELECCIÓN 1,A = Tener mejor calidad de vida|B = Tener mejor salud|C = Tener mejor condición física|D = Sentirme bien conmigo mism@|E = Sentir bienestar emocional|F = Adelgazar|G = Lucir mi ropa|H = Verme bien en las fotos|I = Tener hábitos saludables|J = Sentir que estoy logrando algo|K = Sentir que controlo mi vida|L = Tener un futuro mejor|M = Hacer algo bueno para mi|N = Sentirme feliz y orgullos@|O = Tener energía|P = Sentirme liberad@|Q = Otro
G_psi_woop: motivacion_2, Individuo  - Motivacion_cuidar_peso: Escoge 3 opciones que más te motivan a cuidar tu peso: A) Tener mejor calidad de vida. B)Tener mejor salud. C) Tener mejor condición física. D) Sentirme bien conmigo mism@. E) Sentir bienestar emocional. F) Adelgazar. G) Lucir mi ropa. H) Verme bien en las fotos. I) Tener hábitos saludables. J) Sentir que estoy logrando algo. K) Sentir que controlo mi vida. L) Tener un futuro mejor. M) Hacer algo bueno para mi. N) Sentirme feliz y orgullos@. O) Tener energía. P) Sentirme liberad@. Q) Otro (especifique). LA ELECCIÓN 2,A = Tener mejor calidad de vida|B = Tener mejor salud|C = Tener mejor condición física|D = Sentirme bien conmigo mism@|E = Sentir bienestar emocional|F = Adelgazar|G = Lucir mi ropa|H = Verme bien en las fotos|I = Tener hábitos saludables|J = Sentir que estoy logrando algo|K = Sentir que controlo mi vida|L = Tener un futuro mejor|M = Hacer algo bueno para mi|N = Sentirme feliz y orgullos@|O = Tener energía|P = Sentirme liberad@|Q = Otro
G_psi_woop: motivacion_3, Individuo  - Motivacion_cuidar_peso: Escoge 3 opciones que más te motivan a cuidar tu peso: A) Tener mejor calidad de vida. B)Tener mejor salud. C) Tener mejor condición física. D) Sentirme bien conmigo mism@. E) Sentir bienestar emocional. F) Adelgazar. G) Lucir mi ropa. H) Verme bien en las fotos. I) Tener hábitos saludables. J) Sentir que estoy logrando algo. K) Sentir que controlo mi vida. L) Tener un futuro mejor. M) Hacer algo bueno para mi. N) Sentirme feliz y orgullos@. O) Tener energía. P) Sentirme liberad@. Q) Otro (especifique). LA ELECCIÓN 3,A = Tener mejor calidad de vida|B = Tener mejor salud|C = Tener mejor condición física|D = Sentirme bien conmigo mism@|E = Sentir bienestar emocional|F = Adelgazar|G = Lucir mi ropa|H = Verme bien en las fotos|I = Tener hábitos saludables|J = Sentir que estoy logrando algo|K = Sentir que controlo mi vida|L = Tener un futuro mejor|M = Hacer algo bueno para mi|N = Sentirme feliz y orgullos@|O = Tener energía|P = Sentirme liberad@|Q = Otro
G_psi_woop: alimento_1," Individuo  - Ayuda_comer_sano: Escoge 3 opciones que más te ayudan a cuidar tu peso respecto a la comida y  escribe la letra en los recuadros de abajo. A) Comer más verduras. B) Comer menos dulces, menos azúcar. C) Comer menos comida grasosa. D) Dejar de comer entre comidas. E) Comprar solo comida sana. F) Comer porciones más pequeñas. G) Aprender a cocinar saludable. H) Tomar agua simple en lugar de bebidas dulces. I) Contar las calorías. J) Planificar mis comidas. K) No comer en la calle. L) No dejarme llevar por lo que quieren comer mis amigos y/o familia. M) Preparar mi propia comida. N) Fijar y cuidar mis horarios de comer. O) Aprender como comer sano. P) Remplazar las comidas poco sanas con sus versiones light . Q) Encontrar a alguien con quien puedo cuidar de mi salud. R) Otro (especifique). LA ELECCIÓN 1","A = Comer más verduras|B = Comer menos dulces, menos azúcar|C = Comer menos comida grasosa|D = Dejar de comer entre comidas|E = Comprar solo comida sana|F = Comer porciones más pequeñas|G = Aprender a cocinar saludable|H = Tomar agua simple en lugar de bebidas dulces|I = Contar las calorías|J = Planificar mis comidas|K = No comer en la calle|L = No dejarme llevar por lo que quieren comer mis amigos y/o familia|M = Preparar mi propia comida|N = Fijar y cuidar mis horarios de comer|O = Aprender como comer sano|P = Remplazar las comidas poco sanas con sus versiones light|Q = Encontrar a alguien con quien puedo cuidar de mi salud   |R = Otro"
G_psi_woop: alimento_2," Individuo  - Ayuda_comer_sano: Escoge 3 opciones que más te ayudan a cuidar tu peso respecto a la comida y  escribe la letra en los recuadros de abajo. A) Comer más verduras. B) Comer menos dulces, menos azúcar. C) Comer menos comida grasosa. D) Dejar de comer entre comidas. E) Comprar solo comida sana. F) Comer porciones más pequeñas. G) Aprender a cocinar saludable. H) Tomar agua simple en lugar de bebidas dulces. I) Contar las calorías. J) Planificar mis comidas. K) No comer en la calle. L) No dejarme llevar por lo que quieren comer mis amigos y/o familia. M) Preparar mi propia comida. N) Fijar y cuidar mis horarios de comer. O) Aprender como comer sano. P) Remplazar las comidas poco sanas con sus versiones light . Q) Encontrar a alguien con quien puedo cuidar de mi salud. R) Otro (especifique). LA ELECCIÓN 2","A = Comer más verduras|B = Comer menos dulces, menos azúcar|C = Comer menos comida grasosa|D = Dejar de comer entre comidas|E = Comprar solo comida sana|F = Comer porciones más pequeñas|G = Aprender a cocinar saludable|H = Tomar agua simple en lugar de bebidas dulces|I = Contar las calorías|J = Planificar mis comidas|K = No comer en la calle|L = No dejarme llevar por lo que quieren comer mis amigos y/o familia|M = Preparar mi propia comida|N = Fijar y cuidar mis horarios de comer|O = Aprender como comer sano|P = Remplazar las comidas poco sanas con sus versiones light|Q = Encontrar a alguien con quien puedo cuidar de mi salud   |R = Otro"
G_psi_woop: alimento_3," Individuo  - Ayuda_comer_sano: Escoge 3 opciones que más te ayudan a cuidar tu peso respecto a la comida y  escribe la letra en los recuadros de abajo. A) Comer más verduras. B) Comer menos dulces, menos azúcar. C) Comer menos comida grasosa. D) Dejar de comer entre comidas. E) Comprar solo comida sana. F) Comer porciones más pequeñas. G) Aprender a cocinar saludable. H) Tomar agua simple en lugar de bebidas dulces. I) Contar las calorías. J) Planificar mis comidas. K) No comer en la calle. L) No dejarme llevar por lo que quieren comer mis amigos y/o familia. M) Preparar mi propia comida. N) Fijar y cuidar mis horarios de comer. O) Aprender como comer sano. P) Remplazar las comidas poco sanas con sus versiones light . Q) Encontrar a alguien con quien puedo cuidar de mi salud. R) Otro (especifique). LA ELECCIÓN 3","A = Comer más verduras|B = Comer menos dulces, menos azúcar|C = Comer menos comida grasosa|D = Dejar de comer entre comidas|E = Comprar solo comida sana|F = Comer porciones más pequeñas|G = Aprender a cocinar saludable|H = Tomar agua simple en lugar de bebidas dulces|I = Contar las calorías|J = Planificar mis comidas|K = No comer en la calle|L = No dejarme llevar por lo que quieren comer mis amigos y/o familia|M = Preparar mi propia comida|N = Fijar y cuidar mis horarios de comer|O = Aprender como comer sano|P = Remplazar las comidas poco sanas con sus versiones light|Q = Encontrar a alguien con quien puedo cuidar de mi salud   |R = Otro"
G_psi_woop: ejercicio_1, Individuo  - Ayuda_ejercicio: Escoge 3 opciones que más te ayudan a cuidar tu peso  respecto al ejercicio y  escribe la letra en los recuadros de abajo. A) Aprender cómo hacer ejercicio. B) Organizar mis tiempos. C) Empezar a hacer ejercicio. D) Empezar a caminar. E) Hacer más ejercicio. F) Ponerme metas. G) Encontrar un ejercicio que me guste hacer. H) Encontrar a alguien con quien puedo hacer ejercicio. I) Otro: (especifique). LA ELECCIÓN 1,A = Aprender cómo hacer ejercicio|B = Organizar mis tiempos|C = Empezar a hacer ejercicio|D = Empezar a caminar|E = Hacer más ejercicio|F = Ponerme metas|G = Encontrar un ejercicio que me guste hacer|H = Encontrar a alguien con quien puedo hacer ejercicio|I = Otro
G_psi_woop: ejercicio_2, Individuo  - Ayuda_ejercicio: Escoge 3 opciones que más te ayudan a cuidar tu peso  respecto al ejercicio y  escribe la letra en los recuadros de abajo. A) Aprender cómo hacer ejercicio. B) Organizar mis tiempos. C) Empezar a hacer ejercicio. D) Empezar a caminar. E) Hacer más ejercicio. F) Ponerme metas. G) Encontrar un ejercicio que me guste hacer. H) Encontrar a alguien con quien puedo hacer ejercicio. I) Otro: (especifique). LA ELECCIÓN 2,A = Aprender cómo hacer ejercicio|B = Organizar mis tiempos|C = Empezar a hacer ejercicio|D = Empezar a caminar|E = Hacer más ejercicio|F = Ponerme metas|G = Encontrar un ejercicio que me guste hacer|H = Encontrar a alguien con quien puedo hacer ejercicio|I = Otro
G_psi_woop: ejercicio_3, Individuo  - Ayuda_ejercicio: Escoge 3 opciones que más te ayudan a cuidar tu peso  respecto al ejercicio y  escribe la letra en los recuadros de abajo. A) Aprender cómo hacer ejercicio. B) Organizar mis tiempos. C) Empezar a hacer ejercicio. D) Empezar a caminar. E) Hacer más ejercicio. F) Ponerme metas. G) Encontrar un ejercicio que me guste hacer. H) Encontrar a alguien con quien puedo hacer ejercicio. I) Otro: (especifique). LA ELECCIÓN 3,A = Aprender cómo hacer ejercicio|B = Organizar mis tiempos|C = Empezar a hacer ejercicio|D = Empezar a caminar|E = Hacer más ejercicio|F = Ponerme metas|G = Encontrar un ejercicio que me guste hacer|H = Encontrar a alguien con quien puedo hacer ejercicio|I = Otro
G_psi_woop: plan_1," Individuo  - Plan_lograr_peso: Escoge 3 opciones  que representan un plan que te puede ayudar a lograr un peso más saludable y  escribe la letra en los recuadros de abajo. A) Enfocarme en lo que voy a poder hacer cuando tenga un peso saludable. B) Enfocar mi mente en lo que quiero lograr, en mi objetivo. C) Animarme a mí mismo. D) Preparar mi entorno, p.ej. eliminar los dulces, no comprarlos; y/o comprarme los tenis para hacer ejercicio. E) Pensar que al final no es tan difícil cuidar de mi salud, mentalizarme que sí puedo hacerlo.. F) Pensar en mis personas cercanas, que si yo estoy bien eso también trae un beneficio para ellos. G) Siempre tener conmigo una botana sana. H) Tener un programa a seguir. I) Buscar una manera de ser constante, p.ej. ponerme alarmas para seguir con mi plan. J) Otro: (especifique). LA ELECCIÓN 1","A = Enfocarme en lo que voy a poder hacer cuando tenga un peso saludable|B = Enfocar mi mente en lo que quiero lograr, en mi objetivo|C = Animarme a mí mismo|D = Preparar mi entorno, p.ej. eliminar los dulces, no comprarlos; y/o comprarme los tenis para hacer ejercicio|E = Pensar que al final no es tan difícil cuidar de mi salud, mentalizarme que sí puedo hacerlo|F = Pensar en mis personas cercanas, que si yo estoy bien eso también trae un beneficio para ellos|G = Siempre tener conmigo una botana sana|H = Tener un programa a seguir|I = Buscar una manera de ser constante, p.ej. ponerme alarmas para seguir con mi plan|J = Otro"
G_psi_woop: plan_2," Individuo  - Plan_lograr_peso: Escoge 3 opciones  que representan un plan que te puede ayudar a lograr un peso más saludable y  escribe la letra en los recuadros de abajo. A) Enfocarme en lo que voy a poder hacer cuando tenga un peso saludable. B) Enfocar mi mente en lo que quiero lograr, en mi objetivo. C) Animarme a mí mismo. D) Preparar mi entorno, p.ej. eliminar los dulces, no comprarlos; y/o comprarme los tenis para hacer ejercicio. E) Pensar que al final no es tan difícil cuidar de mi salud, mentalizarme que sí puedo hacerlo.. F) Pensar en mis personas cercanas, que si yo estoy bien eso también trae un beneficio para ellos. G) Siempre tener conmigo una botana sana. H) Tener un programa a seguir. I) Buscar una manera de ser constante, p.ej. ponerme alarmas para seguir con mi plan. J) Otro: (especifique). LA ELECCIÓN 2","A = Enfocarme en lo que voy a poder hacer cuando tenga un peso saludable|B = Enfocar mi mente en lo que quiero lograr, en mi objetivo|C = Animarme a mí mismo|D = Preparar mi entorno, p.ej. eliminar los dulces, no comprarlos; y/o comprarme los tenis para hacer ejercicio|E = Pensar que al final no es tan difícil cuidar de mi salud, mentalizarme que sí puedo hacerlo|F = Pensar en mis personas cercanas, que si yo estoy bien eso también trae un beneficio para ellos|G = Siempre tener conmigo una botana sana|H = Tener un programa a seguir|I = Buscar una manera de ser constante, p.ej. ponerme alarmas para seguir con mi plan|J = Otro"
G_psi_woop: plan_3," Individuo  - Plan_lograr_peso: Escoge 3 opciones  que representan un plan que te puede ayudar a lograr un peso más saludable y  escribe la letra en los recuadros de abajo. A) Enfocarme en lo que voy a poder hacer cuando tenga un peso saludable. B) Enfocar mi mente en lo que quiero lograr, en mi objetivo. C) Animarme a mí mismo. D) Preparar mi entorno, p.ej. eliminar los dulces, no comprarlos; y/o comprarme los tenis para hacer ejercicio. E) Pensar que al final no es tan difícil cuidar de mi salud, mentalizarme que sí puedo hacerlo.. F) Pensar en mis personas cercanas, que si yo estoy bien eso también trae un beneficio para ellos. G) Siempre tener conmigo una botana sana. H) Tener un programa a seguir. I) Buscar una manera de ser constante, p.ej. ponerme alarmas para seguir con mi plan. J) Otro: (especifique). LA ELECCIÓN 3","A = Enfocarme en lo que voy a poder hacer cuando tenga un peso saludable|B = Enfocar mi mente en lo que quiero lograr, en mi objetivo|C = Animarme a mí mismo|D = Preparar mi entorno, p.ej. eliminar los dulces, no comprarlos; y/o comprarme los tenis para hacer ejercicio|E = Pensar que al final no es tan difícil cuidar de mi salud, mentalizarme que sí puedo hacerlo|F = Pensar en mis personas cercanas, que si yo estoy bien eso también trae un beneficio para ellos|G = Siempre tener conmigo una botana sana|H = Tener un programa a seguir|I = Buscar una manera de ser constante, p.ej. ponerme alarmas para seguir con mi plan|J = Otro"
